"table_name","column_name","data_type"
"access_actionsroles","exclude","boolean"
"access_actionsroles","role_id","integer"
"access_actionsroles","argument","character varying"
"access_actionsroles","id","integer"
"access_actionsroles","action","character varying"
"access_actionssystemroles","exclude","boolean"
"access_actionssystemroles","action","character varying"
"access_actionssystemroles","argument","character varying"
"access_actionssystemroles","role_name","character varying"
"access_actionssystemroles","id","integer"
"access_actionsusers","argument","character varying"
"access_actionsusers","exclude","boolean"
"access_actionsusers","id","integer"
"access_actionsusers","user_id","integer"
"access_actionsusers","action","character varying"
"accessrequests_link","created","timestamp without time zone"
"accessrequests_link","owner_user_id","integer"
"accessrequests_link","id","integer"
"accessrequests_link","description","text"
"accessrequests_link","revoked_at","timestamp without time zone"
"accessrequests_link","token","bytea"
"accessrequests_link","title","character varying"
"accessrequests_link","expires_at","timestamp without time zone"
"accessrequests_request","justification","text"
"accessrequests_request","sender_full_name","character varying"
"accessrequests_request","sender_user_id","integer"
"accessrequests_request","receiver_user_id","integer"
"accessrequests_request","status","character"
"accessrequests_request","created","timestamp without time zone"
"accessrequests_request","modified","timestamp without time zone"
"accessrequests_request","message","text"
"accessrequests_request","link_id","integer"
"accessrequests_request","id","integer"
"accessrequests_request","sender_email","character varying"
"accessrequests_request","recid","integer"
"accounts_role","description","character varying"
"accounts_role","name","character varying"
"accounts_role","id","integer"
"accounts_user","current_login_ip","character varying"
"accounts_user","last_login_ip","character varying"
"accounts_user","email","character varying"
"accounts_user","last_login_at","timestamp without time zone"
"accounts_user","id","integer"
"accounts_user","login_count","integer"
"accounts_user","confirmed_at","timestamp without time zone"
"accounts_user","current_login_at","timestamp without time zone"
"accounts_user","password","character varying"
"accounts_user","active","boolean"
"accounts_userrole","role_id","integer"
"accounts_userrole","user_id","integer"
"accounts_user_session_activity","ip","character varying"
"accounts_user_session_activity","os","character varying"
"accounts_user_session_activity","browser_version","character varying"
"accounts_user_session_activity","browser","character varying"
"accounts_user_session_activity","created","timestamp without time zone"
"accounts_user_session_activity","updated","timestamp without time zone"
"accounts_user_session_activity","sid_s","character varying"
"accounts_user_session_activity","user_id","integer"
"accounts_user_session_activity","country","character varying"
"accounts_user_session_activity","device","character varying"
"administrable_role_authorizations","role_name","character varying"
"administrable_role_authorizations","is_grantable","character varying"
"administrable_role_authorizations","grantee","character varying"
"alembic_version","version_num","character varying"
"applicable_roles","role_name","character varying"
"applicable_roles","is_grantable","character varying"
"applicable_roles","grantee","character varying"
"attributes","attribute_udt_catalog","character varying"
"attributes","scope_catalog","character varying"
"attributes","scope_schema","character varying"
"attributes","scope_name","character varying"
"attributes","maximum_cardinality","integer"
"attributes","dtd_identifier","character varying"
"attributes","is_derived_reference_attribute","character varying"
"attributes","attribute_name","character varying"
"attributes","udt_name","character varying"
"attributes","udt_schema","character varying"
"attributes","udt_catalog","character varying"
"attributes","interval_precision","integer"
"attributes","interval_type","character varying"
"attributes","datetime_precision","integer"
"attributes","numeric_scale","integer"
"attributes","numeric_precision_radix","integer"
"attributes","numeric_precision","integer"
"attributes","collation_name","character varying"
"attributes","collation_schema","character varying"
"attributes","collation_catalog","character varying"
"attributes","character_set_name","character varying"
"attributes","character_set_schema","character varying"
"attributes","character_set_catalog","character varying"
"attributes","character_octet_length","integer"
"attributes","character_maximum_length","integer"
"attributes","data_type","character varying"
"attributes","is_nullable","character varying"
"attributes","attribute_default","character varying"
"attributes","ordinal_position","integer"
"attributes","attribute_udt_schema","character varying"
"attributes","attribute_udt_name","character varying"
"character_sets","character_repertoire","character varying"
"character_sets","form_of_use","character varying"
"character_sets","default_collate_catalog","character varying"
"character_sets","default_collate_schema","character varying"
"character_sets","default_collate_name","character varying"
"character_sets","character_set_catalog","character varying"
"character_sets","character_set_schema","character varying"
"character_sets","character_set_name","character varying"
"check_constraint_routine_usage","specific_catalog","character varying"
"check_constraint_routine_usage","specific_schema","character varying"
"check_constraint_routine_usage","specific_name","character varying"
"check_constraint_routine_usage","constraint_catalog","character varying"
"check_constraint_routine_usage","constraint_schema","character varying"
"check_constraint_routine_usage","constraint_name","character varying"
"check_constraints","check_clause","character varying"
"check_constraints","constraint_catalog","character varying"
"check_constraints","constraint_schema","character varying"
"check_constraints","constraint_name","character varying"
"collation_character_set_applicability","collation_schema","character varying"
"collation_character_set_applicability","collation_catalog","character varying"
"collation_character_set_applicability","collation_name","character varying"
"collation_character_set_applicability","character_set_catalog","character varying"
"collation_character_set_applicability","character_set_schema","character varying"
"collation_character_set_applicability","character_set_name","character varying"
"collations","collation_name","character varying"
"collations","pad_attribute","character varying"
"collations","collation_catalog","character varying"
"collations","collation_schema","character varying"
"column_domain_usage","column_name","character varying"
"column_domain_usage","domain_catalog","character varying"
"column_domain_usage","domain_schema","character varying"
"column_domain_usage","domain_name","character varying"
"column_domain_usage","table_name","character varying"
"column_domain_usage","table_schema","character varying"
"column_domain_usage","table_catalog","character varying"
"column_options","table_catalog","character varying"
"column_options","option_value","character varying"
"column_options","option_name","character varying"
"column_options","column_name","character varying"
"column_options","table_name","character varying"
"column_options","table_schema","character varying"
"column_privileges","column_name","character varying"
"column_privileges","table_name","character varying"
"column_privileges","grantor","character varying"
"column_privileges","table_schema","character varying"
"column_privileges","table_catalog","character varying"
"column_privileges","grantee","character varying"
"column_privileges","is_grantable","character varying"
"column_privileges","privilege_type","character varying"
"columns","is_generated","character varying"
"columns","is_nullable","character varying"
"columns","data_type","character varying"
"columns","character_maximum_length","integer"
"columns","character_octet_length","integer"
"columns","numeric_precision","integer"
"columns","numeric_precision_radix","integer"
"columns","numeric_scale","integer"
"columns","datetime_precision","integer"
"columns","interval_type","character varying"
"columns","interval_precision","integer"
"columns","character_set_catalog","character varying"
"columns","character_set_schema","character varying"
"columns","character_set_name","character varying"
"columns","collation_catalog","character varying"
"columns","collation_schema","character varying"
"columns","collation_name","character varying"
"columns","domain_catalog","character varying"
"columns","domain_schema","character varying"
"columns","domain_name","character varying"
"columns","udt_catalog","character varying"
"columns","udt_schema","character varying"
"columns","udt_name","character varying"
"columns","scope_catalog","character varying"
"columns","scope_schema","character varying"
"columns","scope_name","character varying"
"columns","maximum_cardinality","integer"
"columns","dtd_identifier","character varying"
"columns","is_self_referencing","character varying"
"columns","is_identity","character varying"
"columns","identity_generation","character varying"
"columns","identity_start","character varying"
"columns","identity_increment","character varying"
"columns","identity_maximum","character varying"
"columns","identity_minimum","character varying"
"columns","identity_cycle","character varying"
"columns","column_default","character varying"
"columns","generation_expression","character varying"
"columns","is_updatable","character varying"
"columns","table_catalog","character varying"
"columns","table_schema","character varying"
"columns","table_name","character varying"
"columns","column_name","character varying"
"columns","ordinal_position","integer"
"column_udt_usage","udt_schema","character varying"
"column_udt_usage","udt_catalog","character varying"
"column_udt_usage","column_name","character varying"
"column_udt_usage","table_name","character varying"
"column_udt_usage","table_schema","character varying"
"column_udt_usage","table_catalog","character varying"
"column_udt_usage","udt_name","character varying"
"communities_community","created","timestamp without time zone"
"communities_community","title","character varying"
"communities_community","description","text"
"communities_community","page","text"
"communities_community","curation_policy","text"
"communities_community","last_record_accepted","timestamp without time zone"
"communities_community","updated","timestamp without time zone"
"communities_community","logo_ext","character varying"
"communities_community","ranking","integer"
"communities_community","id","character varying"
"communities_community","fixed_points","integer"
"communities_community","deleted_at","timestamp without time zone"
"communities_community","id_user","integer"
"communities_community_record","expires_at","timestamp without time zone"
"communities_community_record","id_user","integer"
"communities_community_record","id_record","uuid"
"communities_community_record","id_community","character varying"
"communities_community_record","updated","timestamp without time zone"
"communities_community_record","created","timestamp without time zone"
"communities_featured_community","id","integer"
"communities_featured_community","created","timestamp without time zone"
"communities_featured_community","updated","timestamp without time zone"
"communities_featured_community","id_community","character varying"
"communities_featured_community","start_date","timestamp without time zone"
"constraint_column_usage","constraint_name","character varying"
"constraint_column_usage","constraint_schema","character varying"
"constraint_column_usage","constraint_catalog","character varying"
"constraint_column_usage","table_name","character varying"
"constraint_column_usage","column_name","character varying"
"constraint_column_usage","table_catalog","character varying"
"constraint_column_usage","table_schema","character varying"
"constraint_table_usage","table_name","character varying"
"constraint_table_usage","table_schema","character varying"
"constraint_table_usage","table_catalog","character varying"
"constraint_table_usage","constraint_name","character varying"
"constraint_table_usage","constraint_schema","character varying"
"constraint_table_usage","constraint_catalog","character varying"
"data_type_privileges","object_type","character varying"
"data_type_privileges","dtd_identifier","character varying"
"data_type_privileges","object_catalog","character varying"
"data_type_privileges","object_schema","character varying"
"data_type_privileges","object_name","character varying"
"domain_constraints","constraint_schema","character varying"
"domain_constraints","domain_schema","character varying"
"domain_constraints","domain_name","character varying"
"domain_constraints","is_deferrable","character varying"
"domain_constraints","initially_deferred","character varying"
"domain_constraints","domain_catalog","character varying"
"domain_constraints","constraint_name","character varying"
"domain_constraints","constraint_catalog","character varying"
"domains","character_set_catalog","character varying"
"domains","domain_catalog","character varying"
"domains","domain_schema","character varying"
"domains","domain_name","character varying"
"domains","data_type","character varying"
"domains","character_maximum_length","integer"
"domains","character_octet_length","integer"
"domains","character_set_schema","character varying"
"domains","character_set_name","character varying"
"domains","collation_catalog","character varying"
"domains","collation_schema","character varying"
"domains","collation_name","character varying"
"domains","numeric_precision","integer"
"domains","numeric_precision_radix","integer"
"domains","numeric_scale","integer"
"domains","datetime_precision","integer"
"domains","interval_type","character varying"
"domains","interval_precision","integer"
"domains","domain_default","character varying"
"domains","udt_catalog","character varying"
"domains","udt_schema","character varying"
"domains","udt_name","character varying"
"domains","scope_catalog","character varying"
"domains","scope_schema","character varying"
"domains","scope_name","character varying"
"domains","maximum_cardinality","integer"
"domains","dtd_identifier","character varying"
"domain_udt_usage","domain_name","character varying"
"domain_udt_usage","udt_catalog","character varying"
"domain_udt_usage","udt_schema","character varying"
"domain_udt_usage","udt_name","character varying"
"domain_udt_usage","domain_catalog","character varying"
"domain_udt_usage","domain_schema","character varying"
"element_types","collation_name","character varying"
"element_types","collation_schema","character varying"
"element_types","object_catalog","character varying"
"element_types","object_schema","character varying"
"element_types","object_name","character varying"
"element_types","object_type","character varying"
"element_types","collection_type_identifier","character varying"
"element_types","data_type","character varying"
"element_types","character_maximum_length","integer"
"element_types","character_octet_length","integer"
"element_types","character_set_catalog","character varying"
"element_types","character_set_schema","character varying"
"element_types","character_set_name","character varying"
"element_types","collation_catalog","character varying"
"element_types","dtd_identifier","character varying"
"element_types","maximum_cardinality","integer"
"element_types","scope_name","character varying"
"element_types","scope_schema","character varying"
"element_types","scope_catalog","character varying"
"element_types","udt_name","character varying"
"element_types","udt_schema","character varying"
"element_types","udt_catalog","character varying"
"element_types","domain_default","character varying"
"element_types","interval_precision","integer"
"element_types","interval_type","character varying"
"element_types","datetime_precision","integer"
"element_types","numeric_scale","integer"
"element_types","numeric_precision_radix","integer"
"element_types","numeric_precision","integer"
"enabled_roles","role_name","character varying"
"files_bucket","created","timestamp without time zone"
"files_bucket","updated","timestamp without time zone"
"files_bucket","deleted","boolean"
"files_bucket","locked","boolean"
"files_bucket","max_file_size","bigint"
"files_bucket","quota_size","bigint"
"files_bucket","size","bigint"
"files_bucket","default_storage_class","character varying"
"files_bucket","default_location","integer"
"files_bucket","id","uuid"
"files_buckettags","key","character varying"
"files_buckettags","bucket_id","uuid"
"files_buckettags","value","text"
"files_files","updated","timestamp without time zone"
"files_files","id","uuid"
"files_files","uri","text"
"files_files","storage_class","character varying"
"files_files","size","bigint"
"files_files","checksum","character varying"
"files_files","created","timestamp without time zone"
"files_files","last_check","boolean"
"files_files","writable","boolean"
"files_files","readable","boolean"
"files_files","last_check_at","timestamp without time zone"
"files_location","default","boolean"
"files_location","uri","character varying"
"files_location","name","character varying"
"files_location","updated","timestamp without time zone"
"files_location","created","timestamp without time zone"
"files_location","id","integer"
"files_multipartobject","chunk_size","integer"
"files_multipartobject","completed","boolean"
"files_multipartobject","size","bigint"
"files_multipartobject","file_id","uuid"
"files_multipartobject","key","text"
"files_multipartobject","bucket_id","uuid"
"files_multipartobject","upload_id","uuid"
"files_multipartobject","updated","timestamp without time zone"
"files_multipartobject","created","timestamp without time zone"
"files_multipartobject_part","checksum","character varying"
"files_multipartobject_part","part_number","integer"
"files_multipartobject_part","updated","timestamp without time zone"
"files_multipartobject_part","created","timestamp without time zone"
"files_multipartobject_part","upload_id","uuid"
"files_object","_mimetype","character varying"
"files_object","created","timestamp without time zone"
"files_object","updated","timestamp without time zone"
"files_object","file_id","uuid"
"files_object","bucket_id","uuid"
"files_object","key","text"
"files_object","version_id","uuid"
"files_object","is_head","boolean"
"foreign_data_wrapper_options","foreign_data_wrapper_name","character varying"
"foreign_data_wrapper_options","foreign_data_wrapper_catalog","character varying"
"foreign_data_wrapper_options","option_value","character varying"
"foreign_data_wrapper_options","option_name","character varying"
"foreign_data_wrappers","library_name","character varying"
"foreign_data_wrappers","foreign_data_wrapper_language","character varying"
"foreign_data_wrappers","authorization_identifier","character varying"
"foreign_data_wrappers","foreign_data_wrapper_name","character varying"
"foreign_data_wrappers","foreign_data_wrapper_catalog","character varying"
"foreign_server_options","foreign_server_name","character varying"
"foreign_server_options","option_name","character varying"
"foreign_server_options","option_value","character varying"
"foreign_server_options","foreign_server_catalog","character varying"
"foreign_servers","foreign_server_type","character varying"
"foreign_servers","foreign_server_version","character varying"
"foreign_servers","authorization_identifier","character varying"
"foreign_servers","foreign_server_catalog","character varying"
"foreign_servers","foreign_server_name","character varying"
"foreign_servers","foreign_data_wrapper_catalog","character varying"
"foreign_servers","foreign_data_wrapper_name","character varying"
"foreign_table_options","option_name","character varying"
"foreign_table_options","foreign_table_catalog","character varying"
"foreign_table_options","foreign_table_schema","character varying"
"foreign_table_options","foreign_table_name","character varying"
"foreign_table_options","option_value","character varying"
"foreign_tables","foreign_server_name","character varying"
"foreign_tables","foreign_table_catalog","character varying"
"foreign_tables","foreign_table_schema","character varying"
"foreign_tables","foreign_table_name","character varying"
"foreign_tables","foreign_server_catalog","character varying"
"github_releases","created","timestamp without time zone"
"github_releases","updated","timestamp without time zone"
"github_releases","status","character"
"github_releases","record_id","uuid"
"github_releases","event_id","uuid"
"github_releases","repository_id","uuid"
"github_releases","errors","json"
"github_releases","tag","character varying"
"github_releases","release_id","integer"
"github_releases","id","uuid"
"github_repositories","user_id","integer"
"github_repositories","name","character varying"
"github_repositories","github_id","integer"
"github_repositories","id","uuid"
"github_repositories","updated","timestamp without time zone"
"github_repositories","created","timestamp without time zone"
"github_repositories","hook","integer"
"github_repositories","ping","timestamp without time zone"
"information_schema_catalog_name","catalog_name","character varying"
"key_column_usage","constraint_catalog","character varying"
"key_column_usage","column_name","character varying"
"key_column_usage","ordinal_position","integer"
"key_column_usage","position_in_unique_constraint","integer"
"key_column_usage","table_schema","character varying"
"key_column_usage","table_catalog","character varying"
"key_column_usage","constraint_name","character varying"
"key_column_usage","constraint_schema","character varying"
"key_column_usage","table_name","character varying"
"oaiserver_set","spec","character varying"
"oaiserver_set","updated","timestamp without time zone"
"oaiserver_set","created","timestamp without time zone"
"oaiserver_set","id","integer"
"oaiserver_set","search_pattern","text"
"oaiserver_set","description","text"
"oaiserver_set","name","character varying"
"oauth2server_client","is_confidential","boolean"
"oauth2server_client","is_internal","boolean"
"oauth2server_client","_redirect_uris","text"
"oauth2server_client","website","text"
"oauth2server_client","user_id","integer"
"oauth2server_client","client_id","character varying"
"oauth2server_client","description","text"
"oauth2server_client","name","character varying"
"oauth2server_client","_default_scopes","text"
"oauth2server_client","client_secret","character varying"
"oauth2server_token","refresh_token","bytea"
"oauth2server_token","access_token","bytea"
"oauth2server_token","token_type","character varying"
"oauth2server_token","user_id","integer"
"oauth2server_token","client_id","character varying"
"oauth2server_token","id","integer"
"oauth2server_token","is_internal","boolean"
"oauth2server_token","is_personal","boolean"
"oauth2server_token","_scopes","text"
"oauth2server_token","expires","timestamp without time zone"
"oauthclient_remoteaccount","extra_data","json"
"oauthclient_remoteaccount","user_id","integer"
"oauthclient_remoteaccount","client_id","character varying"
"oauthclient_remoteaccount","created","timestamp without time zone"
"oauthclient_remoteaccount","updated","timestamp without time zone"
"oauthclient_remoteaccount","id","integer"
"oauthclient_remotetoken","access_token","bytea"
"oauthclient_remotetoken","secret","text"
"oauthclient_remotetoken","created","timestamp without time zone"
"oauthclient_remotetoken","id_remote_account","integer"
"oauthclient_remotetoken","updated","timestamp without time zone"
"oauthclient_remotetoken","token_type","character varying"
"oauthclient_useridentity","created","timestamp without time zone"
"oauthclient_useridentity","id","character varying"
"oauthclient_useridentity","updated","timestamp without time zone"
"oauthclient_useridentity","id_user","integer"
"oauthclient_useridentity","method","character varying"
"parameters","interval_type","character varying"
"parameters","specific_catalog","character varying"
"parameters","specific_schema","character varying"
"parameters","specific_name","character varying"
"parameters","ordinal_position","integer"
"parameters","parameter_mode","character varying"
"parameters","is_result","character varying"
"parameters","as_locator","character varying"
"parameters","parameter_name","character varying"
"parameters","data_type","character varying"
"parameters","scope_name","character varying"
"parameters","scope_schema","character varying"
"parameters","scope_catalog","character varying"
"parameters","udt_name","character varying"
"parameters","udt_schema","character varying"
"parameters","udt_catalog","character varying"
"parameters","interval_precision","integer"
"parameters","datetime_precision","integer"
"parameters","numeric_scale","integer"
"parameters","numeric_precision_radix","integer"
"parameters","numeric_precision","integer"
"parameters","collation_name","character varying"
"parameters","parameter_default","character varying"
"parameters","dtd_identifier","character varying"
"parameters","maximum_cardinality","integer"
"parameters","collation_schema","character varying"
"parameters","collation_catalog","character varying"
"parameters","character_set_name","character varying"
"parameters","character_set_schema","character varying"
"parameters","character_set_catalog","character varying"
"parameters","character_octet_length","integer"
"parameters","character_maximum_length","integer"
"pg_aggregate","aggcombinefn","regproc"
"pg_aggregate","aggfinalfn","regproc"
"pg_aggregate","aggtransfn","regproc"
"pg_aggregate","aggnumdirectargs","smallint"
"pg_aggregate","aggkind","""char"""
"pg_aggregate","aggmtranstype","oid"
"pg_aggregate","aggfnoid","regproc"
"pg_aggregate","aggtransspace","integer"
"pg_aggregate","aggtranstype","oid"
"pg_aggregate","aggsortop","oid"
"pg_aggregate","aggmfinalextra","boolean"
"pg_aggregate","aggfinalextra","boolean"
"pg_aggregate","aggmfinalfn","regproc"
"pg_aggregate","aggminvtransfn","regproc"
"pg_aggregate","aggmtransfn","regproc"
"pg_aggregate","aggdeserialfn","regproc"
"pg_aggregate","aggserialfn","regproc"
"pg_aggregate","aggminitval","text"
"pg_aggregate","agginitval","text"
"pg_aggregate","aggmtransspace","integer"
"pg_am","amname","name"
"pg_am","amtype","""char"""
"pg_am","amhandler","regproc"
"pg_amop","amopmethod","oid"
"pg_amop","amopsortfamily","oid"
"pg_amop","amopstrategy","smallint"
"pg_amop","amopfamily","oid"
"pg_amop","amoplefttype","oid"
"pg_amop","amoprighttype","oid"
"pg_amop","amopopr","oid"
"pg_amop","amoppurpose","""char"""
"pg_amproc","amprocrighttype","oid"
"pg_amproc","amprocfamily","oid"
"pg_amproc","amproclefttype","oid"
"pg_amproc","amproc","regproc"
"pg_amproc","amprocnum","smallint"
"pg_attrdef","adnum","smallint"
"pg_attrdef","adsrc","text"
"pg_attrdef","adrelid","oid"
"pg_attrdef","adbin","pg_node_tree"
"pg_attribute","attcollation","oid"
"pg_attribute","attislocal","boolean"
"pg_attribute","attisdropped","boolean"
"pg_attribute","atthasdef","boolean"
"pg_attribute","attnotnull","boolean"
"pg_attribute","attalign","""char"""
"pg_attribute","attstorage","""char"""
"pg_attribute","attbyval","boolean"
"pg_attribute","atttypmod","integer"
"pg_attribute","attcacheoff","integer"
"pg_attribute","attndims","integer"
"pg_attribute","attnum","smallint"
"pg_attribute","attlen","smallint"
"pg_attribute","attstattarget","integer"
"pg_attribute","atttypid","oid"
"pg_attribute","attname","name"
"pg_attribute","attrelid","oid"
"pg_attribute","attfdwoptions","ARRAY"
"pg_attribute","attoptions","ARRAY"
"pg_attribute","attacl","ARRAY"
"pg_attribute","attinhcount","integer"
"pg_authid","rolname","name"
"pg_authid","rolinherit","boolean"
"pg_authid","rolvaliduntil","timestamp with time zone"
"pg_authid","rolpassword","text"
"pg_authid","rolbypassrls","boolean"
"pg_authid","rolconnlimit","integer"
"pg_authid","rolcreaterole","boolean"
"pg_authid","rolcanlogin","boolean"
"pg_authid","rolcreatedb","boolean"
"pg_authid","rolreplication","boolean"
"pg_authid","rolsuper","boolean"
"pg_auth_members","roleid","oid"
"pg_auth_members","admin_option","boolean"
"pg_auth_members","grantor","oid"
"pg_auth_members","member","oid"
"pg_available_extensions","name","name"
"pg_available_extensions","installed_version","text"
"pg_available_extensions","comment","text"
"pg_available_extensions","default_version","text"
"pg_available_extension_versions","installed","boolean"
"pg_available_extension_versions","name","name"
"pg_available_extension_versions","version","text"
"pg_available_extension_versions","superuser","boolean"
"pg_available_extension_versions","relocatable","boolean"
"pg_available_extension_versions","schema","name"
"pg_available_extension_versions","requires","ARRAY"
"pg_available_extension_versions","comment","text"
"pg_cast","castsource","oid"
"pg_cast","casttarget","oid"
"pg_cast","castfunc","oid"
"pg_cast","castcontext","""char"""
"pg_cast","castmethod","""char"""
"pg_class","reltoastrelid","oid"
"pg_class","relname","name"
"pg_class","relnamespace","oid"
"pg_class","reltype","oid"
"pg_class","reloftype","oid"
"pg_class","relowner","oid"
"pg_class","relam","oid"
"pg_class","relfilenode","oid"
"pg_class","reltablespace","oid"
"pg_class","relpages","integer"
"pg_class","reltuples","real"
"pg_class","relallvisible","integer"
"pg_class","relhasindex","boolean"
"pg_class","relisshared","boolean"
"pg_class","relpersistence","""char"""
"pg_class","relkind","""char"""
"pg_class","relnatts","smallint"
"pg_class","relchecks","smallint"
"pg_class","relhasoids","boolean"
"pg_class","relhaspkey","boolean"
"pg_class","relhasrules","boolean"
"pg_class","relhastriggers","boolean"
"pg_class","relhassubclass","boolean"
"pg_class","relrowsecurity","boolean"
"pg_class","relforcerowsecurity","boolean"
"pg_class","relispopulated","boolean"
"pg_class","relreplident","""char"""
"pg_class","relfrozenxid","xid"
"pg_class","relminmxid","xid"
"pg_class","relacl","ARRAY"
"pg_class","reloptions","ARRAY"
"pg_collation","collname","name"
"pg_collation","collencoding","integer"
"pg_collation","collctype","name"
"pg_collation","collnamespace","oid"
"pg_collation","collowner","oid"
"pg_collation","collcollate","name"
"pg_config","setting","text"
"pg_config","name","text"
"pg_constraint","condeferred","boolean"
"pg_constraint","contype","""char"""
"pg_constraint","connamespace","oid"
"pg_constraint","conname","name"
"pg_constraint","consrc","text"
"pg_constraint","conbin","pg_node_tree"
"pg_constraint","conkey","ARRAY"
"pg_constraint","connoinherit","boolean"
"pg_constraint","coninhcount","integer"
"pg_constraint","conislocal","boolean"
"pg_constraint","confmatchtype","""char"""
"pg_constraint","confdeltype","""char"""
"pg_constraint","confupdtype","""char"""
"pg_constraint","confrelid","oid"
"pg_constraint","conindid","oid"
"pg_constraint","contypid","oid"
"pg_constraint","conrelid","oid"
"pg_constraint","convalidated","boolean"
"pg_constraint","condeferrable","boolean"
"pg_constraint","conexclop","ARRAY"
"pg_constraint","conffeqop","ARRAY"
"pg_constraint","conppeqop","ARRAY"
"pg_constraint","conpfeqop","ARRAY"
"pg_constraint","confkey","ARRAY"
"pg_conversion","conname","name"
"pg_conversion","condefault","boolean"
"pg_conversion","connamespace","oid"
"pg_conversion","conproc","regproc"
"pg_conversion","contoencoding","integer"
"pg_conversion","conforencoding","integer"
"pg_conversion","conowner","oid"
"pg_cursors","is_binary","boolean"
"pg_cursors","is_holdable","boolean"
"pg_cursors","statement","text"
"pg_cursors","name","text"
"pg_cursors","creation_time","timestamp with time zone"
"pg_cursors","is_scrollable","boolean"
"pg_database","datminmxid","xid"
"pg_database","datistemplate","boolean"
"pg_database","datallowconn","boolean"
"pg_database","datconnlimit","integer"
"pg_database","datlastsysoid","oid"
"pg_database","datfrozenxid","xid"
"pg_database","datname","name"
"pg_database","datdba","oid"
"pg_database","encoding","integer"
"pg_database","datcollate","name"
"pg_database","datacl","ARRAY"
"pg_database","dattablespace","oid"
"pg_database","datctype","name"
"pg_db_role_setting","setconfig","ARRAY"
"pg_db_role_setting","setdatabase","oid"
"pg_db_role_setting","setrole","oid"
"pg_default_acl","defaclrole","oid"
"pg_default_acl","defaclacl","ARRAY"
"pg_default_acl","defaclobjtype","""char"""
"pg_default_acl","defaclnamespace","oid"
"pg_depend","deptype","""char"""
"pg_depend","objsubid","integer"
"pg_depend","objid","oid"
"pg_depend","classid","oid"
"pg_depend","refclassid","oid"
"pg_depend","refobjid","oid"
"pg_depend","refobjsubid","integer"
"pg_description","description","text"
"pg_description","objoid","oid"
"pg_description","classoid","oid"
"pg_description","objsubid","integer"
"pg_enum","enumtypid","oid"
"pg_enum","enumsortorder","real"
"pg_enum","enumlabel","name"
"pg_event_trigger","evtenabled","""char"""
"pg_event_trigger","evttags","ARRAY"
"pg_event_trigger","evtfoid","oid"
"pg_event_trigger","evtowner","oid"
"pg_event_trigger","evtevent","name"
"pg_event_trigger","evtname","name"
"pg_extension","extnamespace","oid"
"pg_extension","extname","name"
"pg_extension","extowner","oid"
"pg_extension","extcondition","ARRAY"
"pg_extension","extconfig","ARRAY"
"pg_extension","extversion","text"
"pg_extension","extrelocatable","boolean"
"pg_file_settings","applied","boolean"
"pg_file_settings","error","text"
"pg_file_settings","sourcefile","text"
"pg_file_settings","sourceline","integer"
"pg_file_settings","seqno","integer"
"pg_file_settings","name","text"
"pg_file_settings","setting","text"
"pg_foreign_data_wrapper","fdwname","name"
"pg_foreign_data_wrapper","fdwowner","oid"
"pg_foreign_data_wrapper","fdwhandler","oid"
"pg_foreign_data_wrapper","fdwvalidator","oid"
"pg_foreign_data_wrapper","fdwacl","ARRAY"
"pg_foreign_data_wrapper","fdwoptions","ARRAY"
"_pg_foreign_data_wrappers","foreign_data_wrapper_language","character varying"
"_pg_foreign_data_wrappers","authorization_identifier","character varying"
"_pg_foreign_data_wrappers","fdwowner","oid"
"_pg_foreign_data_wrappers","oid","oid"
"_pg_foreign_data_wrappers","fdwoptions","ARRAY"
"_pg_foreign_data_wrappers","foreign_data_wrapper_catalog","character varying"
"_pg_foreign_data_wrappers","foreign_data_wrapper_name","character varying"
"pg_foreign_server","srvacl","ARRAY"
"pg_foreign_server","srvoptions","ARRAY"
"pg_foreign_server","srvversion","text"
"pg_foreign_server","srvtype","text"
"pg_foreign_server","srvfdw","oid"
"pg_foreign_server","srvowner","oid"
"pg_foreign_server","srvname","name"
"_pg_foreign_servers","foreign_data_wrapper_catalog","character varying"
"_pg_foreign_servers","foreign_server_catalog","character varying"
"_pg_foreign_servers","srvoptions","ARRAY"
"_pg_foreign_servers","authorization_identifier","character varying"
"_pg_foreign_servers","foreign_server_version","character varying"
"_pg_foreign_servers","foreign_server_type","character varying"
"_pg_foreign_servers","oid","oid"
"_pg_foreign_servers","foreign_data_wrapper_name","character varying"
"_pg_foreign_servers","foreign_server_name","character varying"
"pg_foreign_table","ftoptions","ARRAY"
"pg_foreign_table","ftrelid","oid"
"pg_foreign_table","ftserver","oid"
"_pg_foreign_table_columns","attfdwoptions","ARRAY"
"_pg_foreign_table_columns","relname","name"
"_pg_foreign_table_columns","nspname","name"
"_pg_foreign_table_columns","attname","name"
"_pg_foreign_tables","foreign_server_name","character varying"
"_pg_foreign_tables","authorization_identifier","character varying"
"_pg_foreign_tables","foreign_server_catalog","character varying"
"_pg_foreign_tables","ftoptions","ARRAY"
"_pg_foreign_tables","foreign_table_name","character varying"
"_pg_foreign_tables","foreign_table_schema","character varying"
"_pg_foreign_tables","foreign_table_catalog","character varying"
"pg_group","grolist","ARRAY"
"pg_group","groname","name"
"pg_group","grosysid","oid"
"pg_index","indisreplident","boolean"
"pg_index","indisready","boolean"
"pg_index","indcheckxmin","boolean"
"pg_index","indisvalid","boolean"
"pg_index","indisclustered","boolean"
"pg_index","indclass","ARRAY"
"pg_index","indoption","ARRAY"
"pg_index","indexprs","pg_node_tree"
"pg_index","indpred","pg_node_tree"
"pg_index","indimmediate","boolean"
"pg_index","indkey","ARRAY"
"pg_index","indisexclusion","boolean"
"pg_index","indisprimary","boolean"
"pg_index","indisunique","boolean"
"pg_index","indnatts","smallint"
"pg_index","indrelid","oid"
"pg_index","indexrelid","oid"
"pg_index","indcollation","ARRAY"
"pg_index","indislive","boolean"
"pg_indexes","indexname","name"
"pg_indexes","tablename","name"
"pg_indexes","schemaname","name"
"pg_indexes","indexdef","text"
"pg_indexes","tablespace","name"
"pg_inherits","inhrelid","oid"
"pg_inherits","inhseqno","integer"
"pg_inherits","inhparent","oid"
"pg_init_privs","objoid","oid"
"pg_init_privs","objsubid","integer"
"pg_init_privs","classoid","oid"
"pg_init_privs","privtype","""char"""
"pg_init_privs","initprivs","ARRAY"
"pg_language","lanpltrusted","boolean"
"pg_language","lanname","name"
"pg_language","lanowner","oid"
"pg_language","lanispl","boolean"
"pg_language","lanplcallfoid","oid"
"pg_language","laninline","oid"
"pg_language","lanvalidator","oid"
"pg_language","lanacl","ARRAY"
"pg_largeobject","pageno","integer"
"pg_largeobject","loid","oid"
"pg_largeobject","data","bytea"
"pg_largeobject_metadata","lomowner","oid"
"pg_largeobject_metadata","lomacl","ARRAY"
"pg_locks","tuple","smallint"
"pg_locks","virtualxid","text"
"pg_locks","objsubid","smallint"
"pg_locks","virtualtransaction","text"
"pg_locks","pid","integer"
"pg_locks","mode","text"
"pg_locks","granted","boolean"
"pg_locks","fastpath","boolean"
"pg_locks","classid","oid"
"pg_locks","page","integer"
"pg_locks","transactionid","xid"
"pg_locks","relation","oid"
"pg_locks","database","oid"
"pg_locks","locktype","text"
"pg_locks","objid","oid"
"pg_matviews","schemaname","name"
"pg_matviews","tablespace","name"
"pg_matviews","matviewname","name"
"pg_matviews","hasindexes","boolean"
"pg_matviews","ispopulated","boolean"
"pg_matviews","definition","text"
"pg_matviews","matviewowner","name"
"pg_namespace","nspacl","ARRAY"
"pg_namespace","nspname","name"
"pg_namespace","nspowner","oid"
"pg_opclass","opcname","name"
"pg_opclass","opckeytype","oid"
"pg_opclass","opcdefault","boolean"
"pg_opclass","opcintype","oid"
"pg_opclass","opcfamily","oid"
"pg_opclass","opcowner","oid"
"pg_opclass","opcnamespace","oid"
"pg_opclass","opcmethod","oid"
"pg_operator","oprjoin","regproc"
"pg_operator","oprnamespace","oid"
"pg_operator","oprowner","oid"
"pg_operator","oprkind","""char"""
"pg_operator","oprcanmerge","boolean"
"pg_operator","oprcanhash","boolean"
"pg_operator","oprleft","oid"
"pg_operator","oprright","oid"
"pg_operator","oprresult","oid"
"pg_operator","oprcom","oid"
"pg_operator","oprnegate","oid"
"pg_operator","oprcode","regproc"
"pg_operator","oprname","name"
"pg_operator","oprrest","regproc"
"pg_opfamily","opfnamespace","oid"
"pg_opfamily","opfname","name"
"pg_opfamily","opfmethod","oid"
"pg_opfamily","opfowner","oid"
"pg_pltemplate","tmpltrusted","boolean"
"pg_pltemplate","tmplname","name"
"pg_pltemplate","tmpldbacreate","boolean"
"pg_pltemplate","tmplhandler","text"
"pg_pltemplate","tmplinline","text"
"pg_pltemplate","tmplvalidator","text"
"pg_pltemplate","tmpllibrary","text"
"pg_pltemplate","tmplacl","ARRAY"
"pg_policies","tablename","name"
"pg_policies","schemaname","name"
"pg_policies","qual","text"
"pg_policies","with_check","text"
"pg_policies","cmd","text"
"pg_policies","roles","ARRAY"
"pg_policies","policyname","name"
"pg_policy","polwithcheck","pg_node_tree"
"pg_policy","polroles","ARRAY"
"pg_policy","polcmd","""char"""
"pg_policy","polrelid","oid"
"pg_policy","polname","name"
"pg_policy","polqual","pg_node_tree"
"pg_prepared_statements","statement","text"
"pg_prepared_statements","parameter_types","ARRAY"
"pg_prepared_statements","from_sql","boolean"
"pg_prepared_statements","name","text"
"pg_prepared_statements","prepare_time","timestamp with time zone"
"pg_prepared_xacts","transaction","xid"
"pg_prepared_xacts","owner","name"
"pg_prepared_xacts","database","name"
"pg_prepared_xacts","prepared","timestamp with time zone"
"pg_prepared_xacts","gid","text"
"pg_proc","proiswindow","boolean"
"pg_proc","proisagg","boolean"
"pg_proc","protransform","regproc"
"pg_proc","provariadic","oid"
"pg_proc","prorows","real"
"pg_proc","procost","real"
"pg_proc","prolang","oid"
"pg_proc","proowner","oid"
"pg_proc","proname","name"
"pg_proc","pronamespace","oid"
"pg_proc","proacl","ARRAY"
"pg_proc","proconfig","ARRAY"
"pg_proc","probin","text"
"pg_proc","prosrc","text"
"pg_proc","protrftypes","ARRAY"
"pg_proc","proargdefaults","pg_node_tree"
"pg_proc","proargnames","ARRAY"
"pg_proc","proargmodes","ARRAY"
"pg_proc","proallargtypes","ARRAY"
"pg_proc","proargtypes","ARRAY"
"pg_proc","prorettype","oid"
"pg_proc","pronargdefaults","smallint"
"pg_proc","pronargs","smallint"
"pg_proc","proparallel","""char"""
"pg_proc","provolatile","""char"""
"pg_proc","proretset","boolean"
"pg_proc","proisstrict","boolean"
"pg_proc","proleakproof","boolean"
"pg_proc","prosecdef","boolean"
"pg_range","rngsubopc","oid"
"pg_range","rngcollation","oid"
"pg_range","rngsubtype","oid"
"pg_range","rngtypid","oid"
"pg_range","rngsubdiff","regproc"
"pg_range","rngcanonical","regproc"
"pg_replication_origin","roname","text"
"pg_replication_origin","roident","oid"
"pg_replication_origin_status","local_lsn","pg_lsn"
"pg_replication_origin_status","remote_lsn","pg_lsn"
"pg_replication_origin_status","external_id","text"
"pg_replication_origin_status","local_id","oid"
"pg_replication_slots","active","boolean"
"pg_replication_slots","database","name"
"pg_replication_slots","datoid","oid"
"pg_replication_slots","slot_type","text"
"pg_replication_slots","slot_name","name"
"pg_replication_slots","plugin","name"
"pg_replication_slots","xmin","xid"
"pg_replication_slots","catalog_xmin","xid"
"pg_replication_slots","restart_lsn","pg_lsn"
"pg_replication_slots","confirmed_flush_lsn","pg_lsn"
"pg_replication_slots","active_pid","integer"
"pg_rewrite","ev_class","oid"
"pg_rewrite","ev_action","pg_node_tree"
"pg_rewrite","ev_qual","pg_node_tree"
"pg_rewrite","is_instead","boolean"
"pg_rewrite","ev_enabled","""char"""
"pg_rewrite","ev_type","""char"""
"pg_rewrite","rulename","name"
"pg_roles","oid","oid"
"pg_roles","rolcreaterole","boolean"
"pg_roles","rolcreatedb","boolean"
"pg_roles","rolcanlogin","boolean"
"pg_roles","rolreplication","boolean"
"pg_roles","rolconnlimit","integer"
"pg_roles","rolpassword","text"
"pg_roles","rolvaliduntil","timestamp with time zone"
"pg_roles","rolbypassrls","boolean"
"pg_roles","rolconfig","ARRAY"
"pg_roles","rolname","name"
"pg_roles","rolsuper","boolean"
"pg_roles","rolinherit","boolean"
"pg_rules","rulename","name"
"pg_rules","tablename","name"
"pg_rules","schemaname","name"
"pg_rules","definition","text"
"pg_seclabel","provider","text"
"pg_seclabel","label","text"
"pg_seclabel","objsubid","integer"
"pg_seclabel","classoid","oid"
"pg_seclabel","objoid","oid"
"pg_seclabels","objtype","text"
"pg_seclabels","objoid","oid"
"pg_seclabels","classoid","oid"
"pg_seclabels","objsubid","integer"
"pg_seclabels","objnamespace","oid"
"pg_seclabels","objname","text"
"pg_seclabels","provider","text"
"pg_seclabels","label","text"
"pg_settings","category","text"
"pg_settings","sourceline","integer"
"pg_settings","vartype","text"
"pg_settings","context","text"
"pg_settings","extra_desc","text"
"pg_settings","short_desc","text"
"pg_settings","name","text"
"pg_settings","pending_restart","boolean"
"pg_settings","setting","text"
"pg_settings","unit","text"
"pg_settings","sourcefile","text"
"pg_settings","reset_val","text"
"pg_settings","boot_val","text"
"pg_settings","enumvals","ARRAY"
"pg_settings","max_val","text"
"pg_settings","min_val","text"
"pg_settings","source","text"
"pg_shadow","usesysid","oid"
"pg_shadow","usename","name"
"pg_shadow","usecreatedb","boolean"
"pg_shadow","usesuper","boolean"
"pg_shadow","userepl","boolean"
"pg_shadow","usebypassrls","boolean"
"pg_shadow","passwd","text"
"pg_shadow","valuntil","abstime"
"pg_shadow","useconfig","ARRAY"
"pg_shdepend","refobjid","oid"
"pg_shdepend","deptype","""char"""
"pg_shdepend","dbid","oid"
"pg_shdepend","classid","oid"
"pg_shdepend","objid","oid"
"pg_shdepend","objsubid","integer"
"pg_shdepend","refclassid","oid"
"pg_shdescription","description","text"
"pg_shdescription","classoid","oid"
"pg_shdescription","objoid","oid"
"pg_shseclabel","label","text"
"pg_shseclabel","objoid","oid"
"pg_shseclabel","provider","text"
"pg_shseclabel","classoid","oid"
"pg_stat_activity","wait_event","text"
"pg_stat_activity","state","text"
"pg_stat_activity","backend_xid","xid"
"pg_stat_activity","backend_xmin","xid"
"pg_stat_activity","query","text"
"pg_stat_activity","state_change","timestamp with time zone"
"pg_stat_activity","datid","oid"
"pg_stat_activity","datname","name"
"pg_stat_activity","pid","integer"
"pg_stat_activity","usesysid","oid"
"pg_stat_activity","usename","name"
"pg_stat_activity","application_name","text"
"pg_stat_activity","client_addr","inet"
"pg_stat_activity","client_hostname","text"
"pg_stat_activity","client_port","integer"
"pg_stat_activity","backend_start","timestamp with time zone"
"pg_stat_activity","xact_start","timestamp with time zone"
"pg_stat_activity","query_start","timestamp with time zone"
"pg_stat_activity","wait_event_type","text"
"pg_stat_all_indexes","relid","oid"
"pg_stat_all_indexes","indexrelid","oid"
"pg_stat_all_indexes","schemaname","name"
"pg_stat_all_indexes","relname","name"
"pg_stat_all_indexes","indexrelname","name"
"pg_stat_all_indexes","idx_tup_read","bigint"
"pg_stat_all_indexes","idx_tup_fetch","bigint"
"pg_stat_all_indexes","idx_scan","bigint"
"pg_stat_all_tables","idx_tup_fetch","bigint"
"pg_stat_all_tables","autoanalyze_count","bigint"
"pg_stat_all_tables","analyze_count","bigint"
"pg_stat_all_tables","autovacuum_count","bigint"
"pg_stat_all_tables","vacuum_count","bigint"
"pg_stat_all_tables","last_autoanalyze","timestamp with time zone"
"pg_stat_all_tables","last_analyze","timestamp with time zone"
"pg_stat_all_tables","last_autovacuum","timestamp with time zone"
"pg_stat_all_tables","last_vacuum","timestamp with time zone"
"pg_stat_all_tables","n_mod_since_analyze","bigint"
"pg_stat_all_tables","n_dead_tup","bigint"
"pg_stat_all_tables","n_live_tup","bigint"
"pg_stat_all_tables","n_tup_hot_upd","bigint"
"pg_stat_all_tables","n_tup_del","bigint"
"pg_stat_all_tables","n_tup_upd","bigint"
"pg_stat_all_tables","n_tup_ins","bigint"
"pg_stat_all_tables","idx_scan","bigint"
"pg_stat_all_tables","seq_tup_read","bigint"
"pg_stat_all_tables","seq_scan","bigint"
"pg_stat_all_tables","relname","name"
"pg_stat_all_tables","schemaname","name"
"pg_stat_all_tables","relid","oid"
"pg_stat_archiver","last_failed_time","timestamp with time zone"
"pg_stat_archiver","last_failed_wal","text"
"pg_stat_archiver","failed_count","bigint"
"pg_stat_archiver","last_archived_time","timestamp with time zone"
"pg_stat_archiver","last_archived_wal","text"
"pg_stat_archiver","archived_count","bigint"
"pg_stat_archiver","stats_reset","timestamp with time zone"
"pg_stat_bgwriter","buffers_checkpoint","bigint"
"pg_stat_bgwriter","checkpoint_sync_time","double precision"
"pg_stat_bgwriter","checkpoint_write_time","double precision"
"pg_stat_bgwriter","checkpoints_req","bigint"
"pg_stat_bgwriter","stats_reset","timestamp with time zone"
"pg_stat_bgwriter","buffers_alloc","bigint"
"pg_stat_bgwriter","buffers_backend_fsync","bigint"
"pg_stat_bgwriter","buffers_backend","bigint"
"pg_stat_bgwriter","maxwritten_clean","bigint"
"pg_stat_bgwriter","checkpoints_timed","bigint"
"pg_stat_bgwriter","buffers_clean","bigint"
"pg_stat_database","blks_hit","bigint"
"pg_stat_database","tup_deleted","bigint"
"pg_stat_database","conflicts","bigint"
"pg_stat_database","temp_files","bigint"
"pg_stat_database","temp_bytes","bigint"
"pg_stat_database","deadlocks","bigint"
"pg_stat_database","blk_read_time","double precision"
"pg_stat_database","blk_write_time","double precision"
"pg_stat_database","tup_fetched","bigint"
"pg_stat_database","tup_returned","bigint"
"pg_stat_database","blks_read","bigint"
"pg_stat_database","xact_rollback","bigint"
"pg_stat_database","xact_commit","bigint"
"pg_stat_database","numbackends","integer"
"pg_stat_database","tup_inserted","bigint"
"pg_stat_database","datname","name"
"pg_stat_database","datid","oid"
"pg_stat_database","tup_updated","bigint"
"pg_stat_database","stats_reset","timestamp with time zone"
"pg_stat_database_conflicts","confl_deadlock","bigint"
"pg_stat_database_conflicts","confl_bufferpin","bigint"
"pg_stat_database_conflicts","confl_snapshot","bigint"
"pg_stat_database_conflicts","datid","oid"
"pg_stat_database_conflicts","confl_lock","bigint"
"pg_stat_database_conflicts","confl_tablespace","bigint"
"pg_stat_database_conflicts","datname","name"
"pg_statio_all_indexes","idx_blks_hit","bigint"
"pg_statio_all_indexes","indexrelname","name"
"pg_statio_all_indexes","relid","oid"
"pg_statio_all_indexes","indexrelid","oid"
"pg_statio_all_indexes","schemaname","name"
"pg_statio_all_indexes","relname","name"
"pg_statio_all_indexes","idx_blks_read","bigint"
"pg_statio_all_sequences","schemaname","name"
"pg_statio_all_sequences","blks_hit","bigint"
"pg_statio_all_sequences","blks_read","bigint"
"pg_statio_all_sequences","relname","name"
"pg_statio_all_sequences","relid","oid"
"pg_statio_all_tables","toast_blks_read","bigint"
"pg_statio_all_tables","relid","oid"
"pg_statio_all_tables","schemaname","name"
"pg_statio_all_tables","relname","name"
"pg_statio_all_tables","heap_blks_read","bigint"
"pg_statio_all_tables","heap_blks_hit","bigint"
"pg_statio_all_tables","idx_blks_read","bigint"
"pg_statio_all_tables","idx_blks_hit","bigint"
"pg_statio_all_tables","toast_blks_hit","bigint"
"pg_statio_all_tables","tidx_blks_read","bigint"
"pg_statio_all_tables","tidx_blks_hit","bigint"
"pg_statio_sys_indexes","idx_blks_read","bigint"
"pg_statio_sys_indexes","idx_blks_hit","bigint"
"pg_statio_sys_indexes","relname","name"
"pg_statio_sys_indexes","schemaname","name"
"pg_statio_sys_indexes","relid","oid"
"pg_statio_sys_indexes","indexrelname","name"
"pg_statio_sys_indexes","indexrelid","oid"
"pg_statio_sys_sequences","blks_hit","bigint"
"pg_statio_sys_sequences","blks_read","bigint"
"pg_statio_sys_sequences","relname","name"
"pg_statio_sys_sequences","schemaname","name"
"pg_statio_sys_sequences","relid","oid"
"pg_statio_sys_tables","heap_blks_hit","bigint"
"pg_statio_sys_tables","relname","name"
"pg_statio_sys_tables","schemaname","name"
"pg_statio_sys_tables","relid","oid"
"pg_statio_sys_tables","tidx_blks_hit","bigint"
"pg_statio_sys_tables","tidx_blks_read","bigint"
"pg_statio_sys_tables","toast_blks_hit","bigint"
"pg_statio_sys_tables","toast_blks_read","bigint"
"pg_statio_sys_tables","idx_blks_hit","bigint"
"pg_statio_sys_tables","idx_blks_read","bigint"
"pg_statio_sys_tables","heap_blks_read","bigint"
"pg_statio_user_indexes","indexrelid","oid"
"pg_statio_user_indexes","idx_blks_hit","bigint"
"pg_statio_user_indexes","idx_blks_read","bigint"
"pg_statio_user_indexes","indexrelname","name"
"pg_statio_user_indexes","relname","name"
"pg_statio_user_indexes","schemaname","name"
"pg_statio_user_indexes","relid","oid"
"pg_statio_user_sequences","schemaname","name"
"pg_statio_user_sequences","blks_hit","bigint"
"pg_statio_user_sequences","blks_read","bigint"
"pg_statio_user_sequences","relname","name"
"pg_statio_user_sequences","relid","oid"
"pg_statio_user_tables","idx_blks_hit","bigint"
"pg_statio_user_tables","tidx_blks_hit","bigint"
"pg_statio_user_tables","tidx_blks_read","bigint"
"pg_statio_user_tables","toast_blks_hit","bigint"
"pg_statio_user_tables","relid","oid"
"pg_statio_user_tables","schemaname","name"
"pg_statio_user_tables","relname","name"
"pg_statio_user_tables","heap_blks_read","bigint"
"pg_statio_user_tables","heap_blks_hit","bigint"
"pg_statio_user_tables","idx_blks_read","bigint"
"pg_statio_user_tables","toast_blks_read","bigint"
"pg_statistic","stadistinct","real"
"pg_statistic","stawidth","integer"
"pg_statistic","stanullfrac","real"
"pg_statistic","stainherit","boolean"
"pg_statistic","staattnum","smallint"
"pg_statistic","starelid","oid"
"pg_statistic","stavalues5","anyarray"
"pg_statistic","stavalues4","anyarray"
"pg_statistic","stavalues3","anyarray"
"pg_statistic","stavalues2","anyarray"
"pg_statistic","stavalues1","anyarray"
"pg_statistic","stanumbers5","ARRAY"
"pg_statistic","stanumbers4","ARRAY"
"pg_statistic","stanumbers1","ARRAY"
"pg_statistic","staop5","oid"
"pg_statistic","staop4","oid"
"pg_statistic","staop3","oid"
"pg_statistic","staop2","oid"
"pg_statistic","staop1","oid"
"pg_statistic","stakind5","smallint"
"pg_statistic","stakind4","smallint"
"pg_statistic","stakind3","smallint"
"pg_statistic","stakind2","smallint"
"pg_statistic","stakind1","smallint"
"pg_statistic","stanumbers3","ARRAY"
"pg_statistic","stanumbers2","ARRAY"
"pg_stat_progress_vacuum","num_dead_tuples","bigint"
"pg_stat_progress_vacuum","max_dead_tuples","bigint"
"pg_stat_progress_vacuum","index_vacuum_count","bigint"
"pg_stat_progress_vacuum","heap_blks_vacuumed","bigint"
"pg_stat_progress_vacuum","heap_blks_scanned","bigint"
"pg_stat_progress_vacuum","heap_blks_total","bigint"
"pg_stat_progress_vacuum","phase","text"
"pg_stat_progress_vacuum","relid","oid"
"pg_stat_progress_vacuum","datname","name"
"pg_stat_progress_vacuum","datid","oid"
"pg_stat_progress_vacuum","pid","integer"
"pg_stat_replication","client_addr","inet"
"pg_stat_replication","pid","integer"
"pg_stat_replication","usesysid","oid"
"pg_stat_replication","usename","name"
"pg_stat_replication","application_name","text"
"pg_stat_replication","client_hostname","text"
"pg_stat_replication","sync_state","text"
"pg_stat_replication","sync_priority","integer"
"pg_stat_replication","replay_location","pg_lsn"
"pg_stat_replication","flush_location","pg_lsn"
"pg_stat_replication","write_location","pg_lsn"
"pg_stat_replication","sent_location","pg_lsn"
"pg_stat_replication","state","text"
"pg_stat_replication","backend_xmin","xid"
"pg_stat_replication","backend_start","timestamp with time zone"
"pg_stat_replication","client_port","integer"
"pg_stats","most_common_elem_freqs","ARRAY"
"pg_stats","elem_count_histogram","ARRAY"
"pg_stats","tablename","name"
"pg_stats","schemaname","name"
"pg_stats","attname","name"
"pg_stats","inherited","boolean"
"pg_stats","null_frac","real"
"pg_stats","avg_width","integer"
"pg_stats","n_distinct","real"
"pg_stats","most_common_vals","anyarray"
"pg_stats","most_common_freqs","ARRAY"
"pg_stats","histogram_bounds","anyarray"
"pg_stats","correlation","real"
"pg_stats","most_common_elems","anyarray"
"pg_stat_ssl","compression","boolean"
"pg_stat_ssl","clientdn","text"
"pg_stat_ssl","pid","integer"
"pg_stat_ssl","ssl","boolean"
"pg_stat_ssl","version","text"
"pg_stat_ssl","cipher","text"
"pg_stat_ssl","bits","integer"
"pg_stat_sys_indexes","relname","name"
"pg_stat_sys_indexes","indexrelname","name"
"pg_stat_sys_indexes","relid","oid"
"pg_stat_sys_indexes","indexrelid","oid"
"pg_stat_sys_indexes","schemaname","name"
"pg_stat_sys_indexes","idx_tup_fetch","bigint"
"pg_stat_sys_indexes","idx_tup_read","bigint"
"pg_stat_sys_indexes","idx_scan","bigint"
"pg_stat_sys_tables","last_vacuum","timestamp with time zone"
"pg_stat_sys_tables","relid","oid"
"pg_stat_sys_tables","schemaname","name"
"pg_stat_sys_tables","relname","name"
"pg_stat_sys_tables","seq_scan","bigint"
"pg_stat_sys_tables","seq_tup_read","bigint"
"pg_stat_sys_tables","idx_scan","bigint"
"pg_stat_sys_tables","idx_tup_fetch","bigint"
"pg_stat_sys_tables","n_tup_ins","bigint"
"pg_stat_sys_tables","n_tup_upd","bigint"
"pg_stat_sys_tables","n_tup_del","bigint"
"pg_stat_sys_tables","n_tup_hot_upd","bigint"
"pg_stat_sys_tables","n_live_tup","bigint"
"pg_stat_sys_tables","n_dead_tup","bigint"
"pg_stat_sys_tables","n_mod_since_analyze","bigint"
"pg_stat_sys_tables","last_autovacuum","timestamp with time zone"
"pg_stat_sys_tables","last_analyze","timestamp with time zone"
"pg_stat_sys_tables","last_autoanalyze","timestamp with time zone"
"pg_stat_sys_tables","vacuum_count","bigint"
"pg_stat_sys_tables","autovacuum_count","bigint"
"pg_stat_sys_tables","analyze_count","bigint"
"pg_stat_sys_tables","autoanalyze_count","bigint"
"pg_stat_user_functions","funcid","oid"
"pg_stat_user_functions","schemaname","name"
"pg_stat_user_functions","total_time","double precision"
"pg_stat_user_functions","self_time","double precision"
"pg_stat_user_functions","calls","bigint"
"pg_stat_user_functions","funcname","name"
"pg_stat_user_indexes","schemaname","name"
"pg_stat_user_indexes","relid","oid"
"pg_stat_user_indexes","indexrelid","oid"
"pg_stat_user_indexes","idx_tup_fetch","bigint"
"pg_stat_user_indexes","idx_tup_read","bigint"
"pg_stat_user_indexes","idx_scan","bigint"
"pg_stat_user_indexes","indexrelname","name"
"pg_stat_user_indexes","relname","name"
"pg_stat_user_tables","vacuum_count","bigint"
"pg_stat_user_tables","last_autoanalyze","timestamp with time zone"
"pg_stat_user_tables","last_analyze","timestamp with time zone"
"pg_stat_user_tables","last_autovacuum","timestamp with time zone"
"pg_stat_user_tables","last_vacuum","timestamp with time zone"
"pg_stat_user_tables","n_mod_since_analyze","bigint"
"pg_stat_user_tables","n_dead_tup","bigint"
"pg_stat_user_tables","n_tup_hot_upd","bigint"
"pg_stat_user_tables","n_live_tup","bigint"
"pg_stat_user_tables","n_tup_del","bigint"
"pg_stat_user_tables","n_tup_upd","bigint"
"pg_stat_user_tables","n_tup_ins","bigint"
"pg_stat_user_tables","relid","oid"
"pg_stat_user_tables","schemaname","name"
"pg_stat_user_tables","relname","name"
"pg_stat_user_tables","seq_scan","bigint"
"pg_stat_user_tables","seq_tup_read","bigint"
"pg_stat_user_tables","idx_scan","bigint"
"pg_stat_user_tables","idx_tup_fetch","bigint"
"pg_stat_user_tables","autoanalyze_count","bigint"
"pg_stat_user_tables","analyze_count","bigint"
"pg_stat_user_tables","autovacuum_count","bigint"
"pg_stat_wal_receiver","received_lsn","pg_lsn"
"pg_stat_wal_receiver","pid","integer"
"pg_stat_wal_receiver","status","text"
"pg_stat_wal_receiver","receive_start_lsn","pg_lsn"
"pg_stat_wal_receiver","receive_start_tli","integer"
"pg_stat_wal_receiver","received_tli","integer"
"pg_stat_wal_receiver","last_msg_send_time","timestamp with time zone"
"pg_stat_wal_receiver","last_msg_receipt_time","timestamp with time zone"
"pg_stat_wal_receiver","latest_end_lsn","pg_lsn"
"pg_stat_wal_receiver","latest_end_time","timestamp with time zone"
"pg_stat_wal_receiver","slot_name","text"
"pg_stat_wal_receiver","conninfo","text"
"pg_stat_xact_all_tables","n_tup_hot_upd","bigint"
"pg_stat_xact_all_tables","relid","oid"
"pg_stat_xact_all_tables","seq_scan","bigint"
"pg_stat_xact_all_tables","seq_tup_read","bigint"
"pg_stat_xact_all_tables","idx_scan","bigint"
"pg_stat_xact_all_tables","schemaname","name"
"pg_stat_xact_all_tables","relname","name"
"pg_stat_xact_all_tables","idx_tup_fetch","bigint"
"pg_stat_xact_all_tables","n_tup_ins","bigint"
"pg_stat_xact_all_tables","n_tup_upd","bigint"
"pg_stat_xact_all_tables","n_tup_del","bigint"
"pg_stat_xact_sys_tables","idx_tup_fetch","bigint"
"pg_stat_xact_sys_tables","n_tup_del","bigint"
"pg_stat_xact_sys_tables","n_tup_upd","bigint"
"pg_stat_xact_sys_tables","n_tup_ins","bigint"
"pg_stat_xact_sys_tables","n_tup_hot_upd","bigint"
"pg_stat_xact_sys_tables","idx_scan","bigint"
"pg_stat_xact_sys_tables","seq_tup_read","bigint"
"pg_stat_xact_sys_tables","seq_scan","bigint"
"pg_stat_xact_sys_tables","relname","name"
"pg_stat_xact_sys_tables","schemaname","name"
"pg_stat_xact_sys_tables","relid","oid"
"pg_stat_xact_user_functions","total_time","double precision"
"pg_stat_xact_user_functions","funcid","oid"
"pg_stat_xact_user_functions","schemaname","name"
"pg_stat_xact_user_functions","funcname","name"
"pg_stat_xact_user_functions","calls","bigint"
"pg_stat_xact_user_functions","self_time","double precision"
"pg_stat_xact_user_tables","seq_scan","bigint"
"pg_stat_xact_user_tables","n_tup_ins","bigint"
"pg_stat_xact_user_tables","relname","name"
"pg_stat_xact_user_tables","n_tup_hot_upd","bigint"
"pg_stat_xact_user_tables","schemaname","name"
"pg_stat_xact_user_tables","n_tup_del","bigint"
"pg_stat_xact_user_tables","idx_tup_fetch","bigint"
"pg_stat_xact_user_tables","relid","oid"
"pg_stat_xact_user_tables","n_tup_upd","bigint"
"pg_stat_xact_user_tables","idx_scan","bigint"
"pg_stat_xact_user_tables","seq_tup_read","bigint"
"pg_tables","tablespace","name"
"pg_tables","rowsecurity","boolean"
"pg_tables","hastriggers","boolean"
"pg_tables","hasrules","boolean"
"pg_tables","hasindexes","boolean"
"pg_tables","schemaname","name"
"pg_tables","tableowner","name"
"pg_tables","tablename","name"
"pg_tablespace","spcacl","ARRAY"
"pg_tablespace","spcoptions","ARRAY"
"pg_tablespace","spcowner","oid"
"pg_tablespace","spcname","name"
"pg_timezone_abbrevs","utc_offset","interval"
"pg_timezone_abbrevs","abbrev","text"
"pg_timezone_abbrevs","is_dst","boolean"
"pg_timezone_names","name","text"
"pg_timezone_names","abbrev","text"
"pg_timezone_names","utc_offset","interval"
"pg_timezone_names","is_dst","boolean"
"pg_transform","trftosql","regproc"
"pg_transform","trftype","oid"
"pg_transform","trflang","oid"
"pg_transform","trffromsql","regproc"
"pg_trigger","tgisinternal","boolean"
"pg_trigger","tgconstrrelid","oid"
"pg_trigger","tgconstrindid","oid"
"pg_trigger","tgconstraint","oid"
"pg_trigger","tgrelid","oid"
"pg_trigger","tgname","name"
"pg_trigger","tgattr","ARRAY"
"pg_trigger","tgnargs","smallint"
"pg_trigger","tgargs","bytea"
"pg_trigger","tginitdeferred","boolean"
"pg_trigger","tgdeferrable","boolean"
"pg_trigger","tgfoid","oid"
"pg_trigger","tgqual","pg_node_tree"
"pg_trigger","tgtype","smallint"
"pg_trigger","tgenabled","""char"""
"pg_ts_config","cfgparser","oid"
"pg_ts_config","cfgname","name"
"pg_ts_config","cfgnamespace","oid"
"pg_ts_config","cfgowner","oid"
"pg_ts_config_map","mapcfg","oid"
"pg_ts_config_map","mapdict","oid"
"pg_ts_config_map","mapseqno","integer"
"pg_ts_config_map","maptokentype","integer"
"pg_ts_dict","dictowner","oid"
"pg_ts_dict","dictname","name"
"pg_ts_dict","dictinitoption","text"
"pg_ts_dict","dicttemplate","oid"
"pg_ts_dict","dictnamespace","oid"
"pg_ts_parser","prsend","regproc"
"pg_ts_parser","prsheadline","regproc"
"pg_ts_parser","prslextype","regproc"
"pg_ts_parser","prsstart","regproc"
"pg_ts_parser","prsnamespace","oid"
"pg_ts_parser","prsname","name"
"pg_ts_parser","prstoken","regproc"
"pg_ts_template","tmpllexize","regproc"
"pg_ts_template","tmplnamespace","oid"
"pg_ts_template","tmplinit","regproc"
"pg_ts_template","tmplname","name"
"pg_type","typelem","oid"
"pg_type","typarray","oid"
"pg_type","typinput","regproc"
"pg_type","typoutput","regproc"
"pg_type","typreceive","regproc"
"pg_type","typsend","regproc"
"pg_type","typmodin","regproc"
"pg_type","typispreferred","boolean"
"pg_type","typcategory","""char"""
"pg_type","typtype","""char"""
"pg_type","typbyval","boolean"
"pg_type","typlen","smallint"
"pg_type","typowner","oid"
"pg_type","typnamespace","oid"
"pg_type","typname","name"
"pg_type","typrelid","oid"
"pg_type","typmodout","regproc"
"pg_type","typanalyze","regproc"
"pg_type","typalign","""char"""
"pg_type","typstorage","""char"""
"pg_type","typnotnull","boolean"
"pg_type","typbasetype","oid"
"pg_type","typtypmod","integer"
"pg_type","typndims","integer"
"pg_type","typcollation","oid"
"pg_type","typdefaultbin","pg_node_tree"
"pg_type","typdefault","text"
"pg_type","typacl","ARRAY"
"pg_type","typdelim","""char"""
"pg_type","typisdefined","boolean"
"pg_user","useconfig","ARRAY"
"pg_user","usename","name"
"pg_user","usecreatedb","boolean"
"pg_user","usesuper","boolean"
"pg_user","usesysid","oid"
"pg_user","userepl","boolean"
"pg_user","usebypassrls","boolean"
"pg_user","passwd","text"
"pg_user","valuntil","abstime"
"pg_user_mapping","umoptions","ARRAY"
"pg_user_mapping","umuser","oid"
"pg_user_mapping","umserver","oid"
"_pg_user_mappings","authorization_identifier","character varying"
"_pg_user_mappings","srvowner","character varying"
"_pg_user_mappings","foreign_server_name","character varying"
"_pg_user_mappings","foreign_server_catalog","character varying"
"_pg_user_mappings","oid","oid"
"_pg_user_mappings","umoptions","ARRAY"
"_pg_user_mappings","umuser","oid"
"pg_user_mappings","srvid","oid"
"pg_user_mappings","umid","oid"
"pg_user_mappings","usename","name"
"pg_user_mappings","srvname","name"
"pg_user_mappings","umuser","oid"
"pg_user_mappings","umoptions","ARRAY"
"pg_views","viewowner","name"
"pg_views","schemaname","name"
"pg_views","definition","text"
"pg_views","viewname","name"
"pidrelations_pidrelation","updated","timestamp without time zone"
"pidrelations_pidrelation","index","integer"
"pidrelations_pidrelation","relation_type","smallint"
"pidrelations_pidrelation","child_id","integer"
"pidrelations_pidrelation","parent_id","integer"
"pidrelations_pidrelation","created","timestamp without time zone"
"pidstore_pid","object_type","character varying"
"pidstore_pid","created","timestamp without time zone"
"pidstore_pid","updated","timestamp without time zone"
"pidstore_pid","status","character"
"pidstore_pid","pid_provider","character varying"
"pidstore_pid","pid_value","character varying"
"pidstore_pid","pid_type","character varying"
"pidstore_pid","object_uuid","uuid"
"pidstore_pid","id","integer"
"pidstore_recid","recid","bigint"
"pidstore_redirect","pid_id","integer"
"pidstore_redirect","created","timestamp without time zone"
"pidstore_redirect","updated","timestamp without time zone"
"pidstore_redirect","id","uuid"
"records_buckets","record_id","uuid"
"records_buckets","bucket_id","uuid"
"records_metadata","id","uuid"
"records_metadata","json","jsonb"
"records_metadata","created","timestamp without time zone"
"records_metadata","version_id","integer"
"records_metadata","updated","timestamp without time zone"
"records_metadata_version","id","uuid"
"records_metadata_version","end_transaction_id","bigint"
"records_metadata_version","transaction_id","bigint"
"records_metadata_version","version_id","integer"
"records_metadata_version","json","jsonb"
"records_metadata_version","created","timestamp without time zone"
"records_metadata_version","updated","timestamp without time zone"
"records_metadata_version","operation_type","smallint"
"referential_constraints","constraint_name","character varying"
"referential_constraints","match_option","character varying"
"referential_constraints","update_rule","character varying"
"referential_constraints","delete_rule","character varying"
"referential_constraints","constraint_catalog","character varying"
"referential_constraints","constraint_schema","character varying"
"referential_constraints","unique_constraint_catalog","character varying"
"referential_constraints","unique_constraint_schema","character varying"
"referential_constraints","unique_constraint_name","character varying"
"role_column_grants","table_catalog","character varying"
"role_column_grants","grantee","character varying"
"role_column_grants","grantor","character varying"
"role_column_grants","is_grantable","character varying"
"role_column_grants","privilege_type","character varying"
"role_column_grants","column_name","character varying"
"role_column_grants","table_name","character varying"
"role_column_grants","table_schema","character varying"
"role_routine_grants","grantor","character varying"
"role_routine_grants","specific_catalog","character varying"
"role_routine_grants","grantee","character varying"
"role_routine_grants","is_grantable","character varying"
"role_routine_grants","privilege_type","character varying"
"role_routine_grants","routine_name","character varying"
"role_routine_grants","routine_schema","character varying"
"role_routine_grants","routine_catalog","character varying"
"role_routine_grants","specific_name","character varying"
"role_routine_grants","specific_schema","character varying"
"role_table_grants","grantor","character varying"
"role_table_grants","grantee","character varying"
"role_table_grants","table_catalog","character varying"
"role_table_grants","table_schema","character varying"
"role_table_grants","table_name","character varying"
"role_table_grants","privilege_type","character varying"
"role_table_grants","is_grantable","character varying"
"role_table_grants","with_hierarchy","character varying"
"role_udt_grants","udt_schema","character varying"
"role_udt_grants","udt_catalog","character varying"
"role_udt_grants","grantee","character varying"
"role_udt_grants","grantor","character varying"
"role_udt_grants","is_grantable","character varying"
"role_udt_grants","privilege_type","character varying"
"role_udt_grants","udt_name","character varying"
"role_usage_grants","object_name","character varying"
"role_usage_grants","object_type","character varying"
"role_usage_grants","object_schema","character varying"
"role_usage_grants","object_catalog","character varying"
"role_usage_grants","grantee","character varying"
"role_usage_grants","grantor","character varying"
"role_usage_grants","is_grantable","character varying"
"role_usage_grants","privilege_type","character varying"
"routine_privileges","routine_catalog","character varying"
"routine_privileges","privilege_type","character varying"
"routine_privileges","routine_name","character varying"
"routine_privileges","routine_schema","character varying"
"routine_privileges","is_grantable","character varying"
"routine_privileges","specific_name","character varying"
"routine_privileges","specific_schema","character varying"
"routine_privileges","specific_catalog","character varying"
"routine_privileges","grantee","character varying"
"routine_privileges","grantor","character varying"
"routines","result_cast_type_udt_schema","character varying"
"routines","specific_catalog","character varying"
"routines","specific_schema","character varying"
"routines","specific_name","character varying"
"routines","routine_catalog","character varying"
"routines","routine_schema","character varying"
"routines","routine_name","character varying"
"routines","routine_type","character varying"
"routines","module_catalog","character varying"
"routines","module_schema","character varying"
"routines","module_name","character varying"
"routines","udt_catalog","character varying"
"routines","udt_schema","character varying"
"routines","udt_name","character varying"
"routines","data_type","character varying"
"routines","character_maximum_length","integer"
"routines","character_octet_length","integer"
"routines","character_set_catalog","character varying"
"routines","character_set_schema","character varying"
"routines","character_set_name","character varying"
"routines","collation_catalog","character varying"
"routines","collation_schema","character varying"
"routines","collation_name","character varying"
"routines","numeric_precision","integer"
"routines","numeric_precision_radix","integer"
"routines","numeric_scale","integer"
"routines","datetime_precision","integer"
"routines","interval_type","character varying"
"routines","interval_precision","integer"
"routines","type_udt_catalog","character varying"
"routines","type_udt_schema","character varying"
"routines","type_udt_name","character varying"
"routines","scope_catalog","character varying"
"routines","scope_schema","character varying"
"routines","scope_name","character varying"
"routines","maximum_cardinality","integer"
"routines","dtd_identifier","character varying"
"routines","routine_body","character varying"
"routines","routine_definition","character varying"
"routines","external_name","character varying"
"routines","external_language","character varying"
"routines","parameter_style","character varying"
"routines","is_deterministic","character varying"
"routines","sql_data_access","character varying"
"routines","is_null_call","character varying"
"routines","sql_path","character varying"
"routines","schema_level_routine","character varying"
"routines","max_dynamic_result_sets","integer"
"routines","is_user_defined_cast","character varying"
"routines","is_implicitly_invocable","character varying"
"routines","security_type","character varying"
"routines","to_sql_specific_catalog","character varying"
"routines","to_sql_specific_schema","character varying"
"routines","to_sql_specific_name","character varying"
"routines","as_locator","character varying"
"routines","created","timestamp with time zone"
"routines","last_altered","timestamp with time zone"
"routines","new_savepoint_level","character varying"
"routines","is_udt_dependent","character varying"
"routines","result_cast_from_data_type","character varying"
"routines","result_cast_as_locator","character varying"
"routines","result_cast_char_max_length","integer"
"routines","result_cast_char_octet_length","integer"
"routines","result_cast_char_set_catalog","character varying"
"routines","result_cast_char_set_schema","character varying"
"routines","result_cast_char_set_name","character varying"
"routines","result_cast_collation_catalog","character varying"
"routines","result_cast_collation_schema","character varying"
"routines","result_cast_collation_name","character varying"
"routines","result_cast_numeric_precision","integer"
"routines","result_cast_numeric_precision_radix","integer"
"routines","result_cast_numeric_scale","integer"
"routines","result_cast_datetime_precision","integer"
"routines","result_cast_interval_type","character varying"
"routines","result_cast_interval_precision","integer"
"routines","result_cast_type_udt_catalog","character varying"
"routines","result_cast_type_udt_name","character varying"
"routines","result_cast_scope_catalog","character varying"
"routines","result_cast_scope_schema","character varying"
"routines","result_cast_scope_name","character varying"
"routines","result_cast_maximum_cardinality","integer"
"routines","result_cast_dtd_identifier","character varying"
"schemata","sql_path","character varying"
"schemata","catalog_name","character varying"
"schemata","schema_name","character varying"
"schemata","schema_owner","character varying"
"schemata","default_character_set_catalog","character varying"
"schemata","default_character_set_schema","character varying"
"schemata","default_character_set_name","character varying"
"sequences","numeric_precision","integer"
"sequences","increment","character varying"
"sequences","minimum_value","character varying"
"sequences","sequence_name","character varying"
"sequences","sequence_schema","character varying"
"sequences","start_value","character varying"
"sequences","numeric_scale","integer"
"sequences","numeric_precision_radix","integer"
"sequences","sequence_catalog","character varying"
"sequences","cycle_option","character varying"
"sequences","data_type","character varying"
"sequences","maximum_value","character varying"
"sipstore_recordsip","created","timestamp without time zone"
"sipstore_recordsip","pid_id","integer"
"sipstore_recordsip","updated","timestamp without time zone"
"sipstore_recordsip","sip_id","uuid"
"sipstore_sip","agent","json"
"sipstore_sip","id","uuid"
"sipstore_sip","updated","timestamp without time zone"
"sipstore_sip","created","timestamp without time zone"
"sipstore_sip","archived","boolean"
"sipstore_sip","archivable","boolean"
"sipstore_sip","user_id","integer"
"sipstore_sipfile","updated","timestamp without time zone"
"sipstore_sipfile","created","timestamp without time zone"
"sipstore_sipfile","sip_id","uuid"
"sipstore_sipfile","filepath","text"
"sipstore_sipfile","file_id","uuid"
"sipstore_sipmetadata","created","timestamp without time zone"
"sipstore_sipmetadata","content","text"
"sipstore_sipmetadata","type_id","integer"
"sipstore_sipmetadata","sip_id","uuid"
"sipstore_sipmetadata","updated","timestamp without time zone"
"sipstore_sipmetadatatype","id","integer"
"sipstore_sipmetadatatype","schema","character varying"
"sipstore_sipmetadatatype","format","character varying"
"sipstore_sipmetadatatype","name","character varying"
"sipstore_sipmetadatatype","title","character varying"
"sql_features","sub_feature_name","character varying"
"sql_features","is_verified_by","character varying"
"sql_features","comments","character varying"
"sql_features","sub_feature_id","character varying"
"sql_features","feature_id","character varying"
"sql_features","feature_name","character varying"
"sql_features","is_supported","character varying"
"sql_implementation_info","character_value","character varying"
"sql_implementation_info","implementation_info_name","character varying"
"sql_implementation_info","comments","character varying"
"sql_implementation_info","integer_value","integer"
"sql_implementation_info","implementation_info_id","character varying"
"sql_languages","sql_language_programming_language","character varying"
"sql_languages","sql_language_binding_style","character varying"
"sql_languages","sql_language_implementation","character varying"
"sql_languages","sql_language_integrity","character varying"
"sql_languages","sql_language_conformance","character varying"
"sql_languages","sql_language_year","character varying"
"sql_languages","sql_language_source","character varying"
"sql_packages","comments","character varying"
"sql_packages","feature_id","character varying"
"sql_packages","feature_name","character varying"
"sql_packages","is_supported","character varying"
"sql_packages","is_verified_by","character varying"
"sql_parts","is_verified_by","character varying"
"sql_parts","feature_id","character varying"
"sql_parts","feature_name","character varying"
"sql_parts","is_supported","character varying"
"sql_parts","comments","character varying"
"sql_sizing","supported_value","integer"
"sql_sizing","sizing_id","integer"
"sql_sizing","sizing_name","character varying"
"sql_sizing","comments","character varying"
"sql_sizing_profiles","required_value","integer"
"sql_sizing_profiles","sizing_id","integer"
"sql_sizing_profiles","sizing_name","character varying"
"sql_sizing_profiles","profile_id","character varying"
"sql_sizing_profiles","comments","character varying"
"table_constraints","is_deferrable","character varying"
"table_constraints","constraint_catalog","character varying"
"table_constraints","constraint_schema","character varying"
"table_constraints","constraint_name","character varying"
"table_constraints","table_catalog","character varying"
"table_constraints","table_schema","character varying"
"table_constraints","table_name","character varying"
"table_constraints","constraint_type","character varying"
"table_constraints","initially_deferred","character varying"
"table_privileges","grantee","character varying"
"table_privileges","grantor","character varying"
"table_privileges","table_catalog","character varying"
"table_privileges","table_schema","character varying"
"table_privileges","table_name","character varying"
"table_privileges","privilege_type","character varying"
"table_privileges","is_grantable","character varying"
"table_privileges","with_hierarchy","character varying"
"tables","table_schema","character varying"
"tables","table_type","character varying"
"tables","self_referencing_column_name","character varying"
"tables","is_insertable_into","character varying"
"tables","is_typed","character varying"
"tables","commit_action","character varying"
"tables","reference_generation","character varying"
"tables","user_defined_type_catalog","character varying"
"tables","user_defined_type_schema","character varying"
"tables","user_defined_type_name","character varying"
"tables","table_catalog","character varying"
"tables","table_name","character varying"
"transaction","id","bigint"
"transaction","issued_at","timestamp without time zone"
"transaction","user_id","integer"
"transaction","remote_addr","character varying"
"transforms","udt_schema","character varying"
"transforms","transform_type","character varying"
"transforms","group_name","character varying"
"transforms","specific_name","character varying"
"transforms","specific_schema","character varying"
"transforms","specific_catalog","character varying"
"transforms","udt_catalog","character varying"
"transforms","udt_name","character varying"
"triggered_update_columns","trigger_name","character varying"
"triggered_update_columns","trigger_catalog","character varying"
"triggered_update_columns","trigger_schema","character varying"
"triggered_update_columns","event_object_catalog","character varying"
"triggered_update_columns","event_object_schema","character varying"
"triggered_update_columns","event_object_table","character varying"
"triggered_update_columns","event_object_column","character varying"
"triggers","action_statement","character varying"
"triggers","action_orientation","character varying"
"triggers","action_timing","character varying"
"triggers","action_reference_old_table","character varying"
"triggers","created","timestamp with time zone"
"triggers","action_reference_new_row","character varying"
"triggers","action_reference_old_row","character varying"
"triggers","action_reference_new_table","character varying"
"triggers","trigger_catalog","character varying"
"triggers","trigger_schema","character varying"
"triggers","trigger_name","character varying"
"triggers","event_manipulation","character varying"
"triggers","event_object_catalog","character varying"
"triggers","event_object_schema","character varying"
"triggers","event_object_table","character varying"
"triggers","action_order","integer"
"triggers","action_condition","character varying"
"udt_privileges","grantor","character varying"
"udt_privileges","is_grantable","character varying"
"udt_privileges","privilege_type","character varying"
"udt_privileges","udt_name","character varying"
"udt_privileges","udt_schema","character varying"
"udt_privileges","udt_catalog","character varying"
"udt_privileges","grantee","character varying"
"usage_privileges","grantee","character varying"
"usage_privileges","grantor","character varying"
"usage_privileges","is_grantable","character varying"
"usage_privileges","privilege_type","character varying"
"usage_privileges","object_type","character varying"
"usage_privileges","object_name","character varying"
"usage_privileges","object_schema","character varying"
"usage_privileges","object_catalog","character varying"
"user_defined_types","datetime_precision","integer"
"user_defined_types","interval_precision","integer"
"user_defined_types","source_dtd_identifier","character varying"
"user_defined_types","ref_dtd_identifier","character varying"
"user_defined_types","ordering_form","character varying"
"user_defined_types","ordering_category","character varying"
"user_defined_types","ordering_routine_catalog","character varying"
"user_defined_types","ordering_routine_schema","character varying"
"user_defined_types","ordering_routine_name","character varying"
"user_defined_types","reference_type","character varying"
"user_defined_types","data_type","character varying"
"user_defined_types","character_maximum_length","integer"
"user_defined_types","character_octet_length","integer"
"user_defined_types","character_set_catalog","character varying"
"user_defined_types","character_set_schema","character varying"
"user_defined_types","character_set_name","character varying"
"user_defined_types","collation_catalog","character varying"
"user_defined_types","collation_schema","character varying"
"user_defined_types","collation_name","character varying"
"user_defined_types","numeric_precision","integer"
"user_defined_types","numeric_precision_radix","integer"
"user_defined_types","numeric_scale","integer"
"user_defined_types","interval_type","character varying"
"user_defined_types","user_defined_type_catalog","character varying"
"user_defined_types","user_defined_type_schema","character varying"
"user_defined_types","user_defined_type_name","character varying"
"user_defined_types","user_defined_type_category","character varying"
"user_defined_types","is_instantiable","character varying"
"user_defined_types","is_final","character varying"
"user_mapping_options","option_value","character varying"
"user_mapping_options","option_name","character varying"
"user_mapping_options","authorization_identifier","character varying"
"user_mapping_options","foreign_server_catalog","character varying"
"user_mapping_options","foreign_server_name","character varying"
"user_mappings","foreign_server_name","character varying"
"user_mappings","foreign_server_catalog","character varying"
"user_mappings","authorization_identifier","character varying"
"userprofiles_userprofile","displayname","character varying"
"userprofiles_userprofile","full_name","character varying"
"userprofiles_userprofile","username","character varying"
"userprofiles_userprofile","user_id","integer"
"view_column_usage","view_name","character varying"
"view_column_usage","table_schema","character varying"
"view_column_usage","table_name","character varying"
"view_column_usage","column_name","character varying"
"view_column_usage","view_catalog","character varying"
"view_column_usage","view_schema","character varying"
"view_column_usage","table_catalog","character varying"
"view_routine_usage","specific_catalog","character varying"
"view_routine_usage","specific_name","character varying"
"view_routine_usage","specific_schema","character varying"
"view_routine_usage","table_catalog","character varying"
"view_routine_usage","table_schema","character varying"
"view_routine_usage","table_name","character varying"
"views","table_name","character varying"
"views","table_catalog","character varying"
"views","is_trigger_updatable","character varying"
"views","is_insertable_into","character varying"
"views","is_updatable","character varying"
"views","check_option","character varying"
"views","view_definition","character varying"
"views","table_schema","character varying"
"views","is_trigger_insertable_into","character varying"
"views","is_trigger_deletable","character varying"
"view_table_usage","table_name","character varying"
"view_table_usage","table_schema","character varying"
"view_table_usage","view_schema","character varying"
"view_table_usage","table_catalog","character varying"
"view_table_usage","view_catalog","character varying"
"view_table_usage","view_name","character varying"
"webhooks_events","response","json"
"webhooks_events","payload","json"
"webhooks_events","user_id","integer"
"webhooks_events","receiver_id","character varying"
"webhooks_events","id","uuid"
"webhooks_events","updated","timestamp without time zone"
"webhooks_events","created","timestamp without time zone"
"webhooks_events","response_code","integer"
"webhooks_events","response_headers","json"
"webhooks_events","payload_headers","json"
